{"cameraMode":{"drawMode":0,"name":"Shaded","section":"Shading Mode"},"sceneLighting":false,"audioPlay":false,"sceneViewState":{"showFog":true,"showMaterialUpdate":false,"showSkybox":false,"showFlares":true,"showImageEffects":true,"showParticleSystems":true},"in2DMode":false,"pivot":{"x":0.7588006258010864,"y":-0.12257558107376099,"z":-0.04343511164188385},"rotation":{"x":0.13837692141532899,"y":0.6878106594085693,"z":-0.13607056438922883,"w":0.6994674205780029},"size":0.7289926409721375,"orthographic":false}