{"cameraMode":{"drawMode":0,"name":"Shaded","section":"Shading Mode"},"sceneLighting":false,"audioPlay":false,"sceneViewState":{"showFog":true,"showMaterialUpdate":false,"showSkybox":false,"showFlares":true,"showImageEffects":true,"showParticleSystems":true},"in2DMode":false,"pivot":{"x":-0.00006473436951637268,"y":0.06743462383747101,"z":0.009525567293167115},"rotation":{"x":-0.14318720996379853,"y":0.7683088183403015,"z":-0.1846093386411667,"w":-0.5959182381629944},"size":0.1275043487548828,"orthographic":false}