{"cameraMode":{"drawMode":0,"name":"Shaded","section":"Shading Mode"},"sceneLighting":false,"audioPlay":false,"sceneViewState":{"showFog":true,"showMaterialUpdate":false,"showSkybox":false,"showFlares":true,"showImageEffects":true,"showParticleSystems":true},"in2DMode":false,"pivot":{"x":0.0,"y":0.08459095656871796,"z":-0.017279163002967836},"rotation":{"x":-0.14318720996379853,"y":0.7683088183403015,"z":-0.1846093386411667,"w":-0.5959182381629944},"size":0.18191997706890107,"orthographic":false}