{"cameraMode":{"drawMode":0,"name":"Shaded","section":"Shading Mode"},"sceneLighting":false,"audioPlay":false,"sceneViewState":{"showFog":true,"showMaterialUpdate":false,"showSkybox":false,"showFlares":true,"showImageEffects":true,"showParticleSystems":true},"in2DMode":false,"pivot":{"x":0.0339510403573513,"y":0.11615744233131409,"z":-0.006407402455806732},"rotation":{"x":-0.14318720996379853,"y":0.7683088183403015,"z":-0.1846093386411667,"w":-0.5959182381629944},"size":0.14490920305252076,"orthographic":false}